6207XGDITE,,,,,,
6401XGDACT,,,,,,
6420XGCECP,,,,,,
6459XGCACC,,,,,,
6460XGCMKG,,,,,,
6462XGCBIM,,,,,,
6860XGCMGT,,,,,,
7200XMECON,,,,,,
7208XMHLTE,,,,,,
7406XMFINM,,,,,,
7412XMCOM,,,,,,
7413XMPACC,,,,,,
7414XMACCT,,,,,,
7416XMISS,,,,,,
7419XMPMGT,,,,,,
7810XMBA,,,,,,
7812XMMGNT,,,,,,
AFEST,,,,,,
ASSAE,,,,,,
BACCT,,,,,,
BACTS,,,,,,
BBUSA,,,,,,
BCOMM,,,,,,
BECON,,,,,,
BFINN,,,,,,
BINBS,,,,,,
BSTAT,,,,,,
HACCT,,,,,,
HACTS,,,,,,
HBUSA,,,,,,
HCOMM,,,,,,
HECON,,,,,,
HFINN,,,,,,
HINBS,,,,,,
HSTAT,,,,,,
VBADM,,,,,,
,,,,,,
,,,,,,
,,,,,,
,,,,,,
,,,,,,
,,,,,,
,,,,,,
,,,,,,
,,,,,,
,,,,,,
,,,,,,
,,,,,,
,,,,,,
,,,,,,
,,,,,,
,,,,,,
,,,,,,
,,,,,,
,,,,,,
,,,,,,
,,,,,,
,,,,,,
,,,,,,
,,,,,,
,,,,,,
,,,,,,
,,,,,,
,,,,,,
,,,,,,
,,,,,,
,,,,,,
,,,,,,
,,,,,,
,,,,,,
,,,,,,
,,,,,,
,,,,,,
,,,,,,
,,,,,,
,,,,,,
,,,,,,
,,,,,,
,,,,,,
,,,,,,
,,,,,,
,,,,,,
,,,,,,
,,,,,,
,,,,,,
,,,,,,
,,,,,,
,,,,,,
,,,,,,
,,,,,,
,,,,,,
,,,,,,
,,,,,,
,,,,,,
,,,,,,
,,,,,,
,,,,,,
,,,,,,
,,,,,,
,,,,,,
,,,,,,
,,,,,,
,,,,,,
,,,,,,
,,,,,,
,,,,,,
,,,,,,
,,,,,,
,,,,,,
,,,,,,
,,,,,,
,,,,,,
,,,,,,
,,,,,,
,,,,,,
,,,,,,
,,,,,,
,,,,,,
,,,,,,
,,,,,,
,,,,,,
,,,,,,
,,,,,,
,,,,,,
,,,,,,
,,,,,,