1160XNAWD,,,,,,
1161XNAWD,,,,,,
1190XNAWD,,,,,,
1195XNAWD,,,,,,
5058XCEPH,,,,,,
5160XNAWD,,,,,,
5162XCOS,,,,,,
5191XCMHS,,,,,,
6600SASTRO,,,,,,
6600SBIMB,,,,,,
6600SEVOLS,,,,,,
6600SFSTY,,,,,,
6600SGEOG,,,,,,
6600SGEOL,,,,,,
6600SMATH,,,,,,
6600SNEUR,,,,,,
6600SPHYS,,,,,,
6600SPLNT,,,,,,
6600SREGO,,,,,,
6600SREMS,,,,,,
6600SSCCMP,,,,,,
6600STHPHY,,,,,,
6600XGDSCI,,,,,,
6604XGDPSC,,,,,,
6610XGDPSY,,,,,,
6617XCRA,,,,,,
6619XGCAPE,,,,,,
6651XGCFST,,,,,,
6652XGCPSC,,,,,,
6653XENVS,,,,,,
6656XGCSCM,,,,,,
6658XBIOTE,,,,,,
6659XGCENV,,,,,,
6660XGCPHT,,,,,,
6680XGCNEU,,,,,,
6681XGTMED,,,,,,
6901XGDPOP,,,,,,
7123SGHDEV,,,,,,
7123SHENV,,,,,,
7123SHGEND,,,,,,
7123SHIA,,,,,,
7123SHPE,,,,,,
7123XMCHM,,,,,,
7153XMCHM,,,,,,
7512XMNH,,,,,,
7512XMNHD,,,,,,
7601XMCPSY,,,,,,
7602XMFSTY,,,,,,
7606XMPHOT,,,,,,
7609XMBIOT,,,,,,
7610XMENV,,,,,,
7611XMNSCI,,,,,,
7614XMNUS,,,,,,
7614XMSCOM,,,,,,
7616XMSCES,,,,,,
7617SSCOM,,,,,,
7619XMMASC,,,,,,
7620XMENVR,,,,,,
7621XMMSR,,,,,,
7622XMFOR,,,,,,
7624XMSCO,,,,,,
7626XMESR,,,,,,
7627XMENCH,,,,,,
7628XMENCR,,,,,,
7629XMBIOT,,,,,,
7631XMBS,,,,,,
7632XMBSA,,,,,,
7650XMNERR,,,,,,
7650XMNEUR,,,,,,
7651XMTMED,,,,,,
7652XMNEUR,,,,,,
7824XMCLCH,,,,,,
7910XMPH,,,,,,
7912XMPHR,,,,,,
8060XMPHIL,,,,,,
8065XMPHIL,,,,,,
8066XMPHIL,,,,,,
8601XMPHIL,,,,,,
8603XMPHIL,,,,,,
8620XMPHIL,,,,,,
8640XMPHIL,,,,,,
8650XBIOF,,,,,,
8650XCOMT,,,,,,
8650XMPHIL,,,,,,
8670XMPHIL,,,,,,
8680XMPHIL,,,,,,
8710XMPHIL,,,,,,
8712XTMED,,,,,,
8721XMPHIL,,,,,,
8722XMPHIL,,,,,,
8723XMPHIL,,,,,,
8725XMPHIL,,,,,,
8726XMPHIL,,,,,,
8740XMPHIL,,,,,,
8910SSURG,,,,,,
8910XMPHIL,,,,,,
8950XMCHD,,,,,,
9060XPHD,,,,,,
9062XPHD,,,,,,
9063XDPSYC,,,,,,
9064XCLPSY,,,,,,
9065XPHD,,,,,,
9066XPHD,,,,,,
9072XNTNU,,,,,,
9602XPHD,,,,,,
9603XPHD,,,,,,
9620XPHD,,,,,,
9640XPHD,,,,,,
9650XBIOF,,,,,,
9650XCOMT,,,,,,
9650XPHD,,,,,,
9650XPHDHC,,,,,,
9670XPHD,,,,,,
9680XPHD,,,,,,
9710XPHD,,,,,,
9712XTMED,,,,,,
9721XDPOPH,,,,,,
9722XPHD,,,,,,
9723XPHD,,,,,,
9725XPHD,,,,,,
9726XPHD,,,,,,
9730XPHD,,,,,,
9740XPHD,,,,,,
9910XPHD,,,,,,
9911XMD,,,,,,
AENSU,,,,,,
AISSU,,,,,,
APHSC,,,,,,
APNSC,,,,,,
APNSN,,,,,,
APSYC,,,,,,
ASCAD,,,,,,
BBIOT,,,,,,
BENSU,,,,,,
BGENE,,,,,,
BHLTH,,,,,,
BISSU,,,,,,
BMASC,,,,,,
BMDSA,,,,,,
BMEDS,,,,,,
BSC,,,,,,
BSCED,,,,,,
BSFOR,,,,,,
BSPSY,,,,,,
BSREM,,,,,,
CPUBH,,,,,,
CSCIE,,,,,,
DENVI,,,,,,
DPUBH,,,,,,
ESCIE,,,,,,
HBIOT,,,,,,
HENSU,,,,,,
HENVS,,,,,,
HGENE,,,,,,
HISSU,,,,,,
HMASC,,,,,,
HMDSA,,,,,,
HMEDS,,,,,,
HSC,,,,,,
HSFOR,,,,,,
HSPSY,,,,,,
HSREM,,,,,,
MBIOS,,,,,,
MBIOT,,,,,,
MCHAM,,,,,,
MENCH,,,,,,
MENVI,,,,,,
MENVS,,,,,,
MFORE,,,,,,
MNEUR,,,,,,
MNUCL,,,,,,
MPUBH,,,,,,
MSCAU,,,,,,
MSCHK,,,,,,
MSCOM,,,,,,
NSCBS,,,,,,
NSCQB,,,,,,
SADSC,,,,,,
VASTP,,,,,,
VBIOS,,,,,,
VBIOT,,,,,,
VCHAM,,,,,,
VEASC,,,,,,
VENCH,,,,,,
VENVI,,,,,,
VENVS,,,,,,
VFORE,,,,,,
VMASC,,,,,,
VNEUR,,,,,,
VPUBH,,,,,,
VSCBS,,,,,,
VSCQB,,,,,,
,,,,,,
,,,,,,
,,,,,,
,,,,,,
,,,,,,
,,,,,,
,,,,,,
,,,,,,
,,,,,,
,,,,,,
,,,,,,
,,,,,,
,,,,,,
,,,,,,
,,,,,,
,,,,,,
,,,,,,
,,,,,,
,,,,,,
,,,,,,
,,,,,,
,,,,,,
,,,,,,
,,,,,,
,,,,,,
,,,,,,
,,,,,,
,,,,,,
,,,,,,
,,,,,,
,,,,,,
,,,,,,
,,,,,,
,,,,,,
,,,,,,
,,,,,,
,,,,,,
,,,,,,
,,,,,,
,,,,,,
,,,,,,
,,,,,,
,,,,,,
,,,,,,
,,,,,,
,,,,,,
,,,,,,
,,,,,,
,,,,,,
,,,,,,
,,,,,,
,,,,,,
,,,,,,
,,,,,,
,,,,,,
,,,,,,
,,,,,,
,,,,,,
,,,,,,
,,,,,,
,,,,,,
,,,,,,
,,,,,,
,,,,,,
,,,,,,
,,,,,,
,,,,,,
,,,,,,
,,,,,,
,,,,,,
,,,,,,
,,,,,,
,,,,,,
,,,,,,
,,,,,,
,,,,,,
,,,,,,
,,,,,,
,,,,,,
,,,,,,
,,,,,,
,,,,,,
,,,,,,
,,,,,,
,,,,,,
,,,,,,
,,,,,,
,,,,,,
,,,,,,
,,,,,,
,,,,,,
,,,,,,
,,,,,,
,,,,,,
,,,,,,
,,,,,,
,,,,,,
,,,,,,
,,,,,,
,,,,,,
,,,,,,
,,,,,,
,,,,,,
,,,,,,
,,,,,,
,,,,,,
,,,,,,
,,,,,,
,,,,,,
,,,,,,
,,,,,,
,,,,,,
,,,,,,
,,,,,,
,,,,,,
,,,,,,
,,,,,,
,,,,,,
,,,,,,
,,,,,,
,,,,,,
,,,,,,
,,,,,,
,,,,,,
,,,,,,
,,,,,,
,,,,,,
,,,,,,
,,,,,,
,,,,,,
,,,,,,
,,,,,,
,,,,,,
,,,,,,
,,,,,,
,,,,,,
,,,,,,
,,,,,,
,,,,,,
,,,,,,
,,,,,,
,,,,,,
,,,,,,
,,,,,,
,,,,,,
,,,,,,
,,,,,,
,,,,,,
,,,,,,
,,,,,,
,,,,,,
,,,,,,
,,,,,,
,,,,,,
,,,,,,
,,,,,,
,,,,,,
,,,,,,
,,,,,,
,,,,,,
,,,,,,
,,,,,,
,,,,,,
,,,,,,
,,,,,,
,,,,,,
,,,,,,
,,,,,,
,,,,,,
,,,,,,
,,,,,,
,,,,,,
,,,,,,
,,,,,,
,,,,,,
,,,,,,
,,,,,,
,,,,,,
,,,,,,
,,,,,,
,,,,,,
,,,,,,
,,,,,,
,,,,,,
,,,,,,
,,,,,,
,,,,,,
,,,,,,
,,,,,,
,,,,,,
,,,,,,
,,,,,,
,,,,,,
,,,,,,
,,,,,,
,,,,,,
,,,,,,
,,,,,,
,,,,,,
,,,,,,
,,,,,,
,,,,,,
,,,,,,
,,,,,,
,,,,,,
,,,,,,
,,,,,,
,,,,,,
,,,,,,
,,,,,,
,,,,,,
,,,,,,
,,,,,,
,,,,,,
,,,,,,
,,,,,,
,,,,,,
,,,,,,
,,,,,,
,,,,,,
,,,,,,
,,,,,,
,,,,,,
,,,,,,
,,,,,,
,,,,,,
,,,,,,
,,,,,,
,,,,,,
,,,,,,
,,,,,,
,,,,,,
,,,,,,
,,,,,,
,,,,,,
,,,,,,
,,,,,,
,,,,,,
,,,,,,
,,,,,,
,,,,,,
,,,,,,
,,,,,,
,,,,,,
,,,,,,
,,,,,,
,,,,,,
,,,,,,
,,,,,,
,,,,,,
,,,,,,
,,,,,,
,,,,,,
,,,,,,
,,,,,,
,,,,,,
,,,,,,
,,,,,,
,,,,,,
,,,,,,
,,,,,,
,,,,,,
,,,,,,
,,,,,,
,,,,,,
,,,,,,
,,,,,,
,,,,,,
,,,,,,
,,,,,,
,,,,,,
,,,,,,
,,,,,,
,,,,,,
,,,,,,
,,,,,,
,,,,,,
,,,,,,
,,,,,,
,,,,,,
,,,,,,
,,,,,,
,,,,,,
,,,,,,
,,,,,,
,,,,,,
,,,,,,
,,,,,,
,,,,,,
,,,,,,
,,,,,,
,,,,,,
,,,,,,
,,,,,,
,,,,,,
,,,,,,
,,,,,,
,,,,,,
,,,,,,
,,,,,,
,,,,,,
,,,,,,
,,,,,,
,,,,,,
,,,,,,
,,,,,,
,,,,,,
,,,,,,
,,,,,,
,,,,,,
,,,,,,
,,,,,,
,,,,,,
,,,,,,
,,,,,,
,,,,,,
,,,,,,
,,,,,,
,,,,,,
,,,,,,
,,,,,,
,,,,,,
,,,,,,
,,,,,,
,,,,,,
,,,,,,
,,,,,,
,,,,,,
,,,,,,
,,,,,,
,,,,,,
,,,,,,
,,,,,,
,,,,,,
,,,,,,
,,,,,,
,,,,,,
,,,,,,
,,,,,,
,,,,,,
,,,,,,
,,,,,,
,,,,,,
,,,,,,
,,,,,,
,,,,,,
,,,,,,
,,,,,,
,,,,,,
,,,,,,
,,,,,,
,,,,,,
,,,,,,
,,,,,,
,,,,,,
,,,,,,
,,,,,,
,,,,,,
,,,,,,
,,,,,,
,,,,,,
,,,,,,
,,,,,,
,,,,,,
,,,,,,
,,,,,,
,,,,,,
,,,,,,
,,,,,,
,,,,,,
,,,,,,
,,,,,,
,,,,,,
,,,,,,
,,,,,,
,,,,,,
,,,,,,
,,,,,,
,,,,,,
,,,,,,
,,,,,,
,,,,,,
,,,,,,
,,,,,,
,,,,,,
,,,,,,
,,,,,,
,,,,,,
,,,,,,
,,,,,,
,,,,,,
,,,,,,
,,,,,,
,,,,,,
,,,,,,
,,,,,,
,,,,,,
,,,,,,
,,,,,,
,,,,,,
,,,,,,
,,,,,,
,,,,,,
,,,,,,
,,,,,,
,,,,,,
,,,,,,
,,,,,,
,,,,,,
,,,,,,
,,,,,,
,,,,,,
,,,,,,
,,,,,,
,,,,,,
,,,,,,
,,,,,,
,,,,,,